bug_id,category
35,bug_unknown_regression
101,bug_unknown_regression
92144,nobug
96774,regression
218415,nobug
244549,bug_unknown_regression
346014,bug_unknown_regression
428981,bug_unknown_regression
441355,nobug
447581,nobug
500500,nobug
518272,regression
526299,regression
528988,bug_unknown_regression
545052,nobug
549749,nobug
561351,regression
561842,nobug
603903,nobug
611837,nobug
618912,nobug
619595,nobug
622908,nobug
634792,nobug
638430,regression
641030,regression
645563,nobug
648417,nobug
651890,nobug
651894,nobug
656343,bug_unknown_regression
674718,nobug
678392,nobug
693058,nobug
699844,nobug
739219,nobug
740223,bug_unknown_regression
759342,regression
764076,regression
786819,nobug
788319,nobug
798875,nobug
801315,regression
806116,regression
807762,regression
811542,nobug
821781,regression
827343,nobug
829802,nobug
833098,nobug
834541,nobug
857456,nobug
857458,nobug
860493,nobug
866102,nobug
869954,regression
875383,bug_unknown_regression
885732,nobug
887889,nobug
915940,nobug
933472,nobug
934044,bug_unknown_regression
938119,regression
939242,regression
945082,nobug
951753,bug_unknown_regression
951965,regression
953012,bug_unknown_regression
967517,regression
968056,bug_unknown_regression
985001,regression
990804,nobug
1023761,regression
1037762,bug_no_regression
1041886,nobug
1041969,regression
1042003,bug_unknown_regression
1042041,bug_unknown_regression
1042096,regression
1042204,nobug
1048455,regression
1054972,regression
1062876,regression
1063488,regression
1064376,regression
1065729,nobug
1065909,regression
1066410,bug_unknown_regression
1067088,regression
1070955,regression
1071461,nobug
1073805,regression
1081877,bug_unknown_regression
1087488,regression
1089326,bug_unknown_regression
1089364,regression
1093212,nobug
1094240,bug_unknown_regression
1095719,nobug
1098400,regression
1101478,nobug
1103188,nobug
1105066,bug_unknown_regression
1107242,nobug
1118235,regression
1123938,nobug
1128240,nobug
1128765,nobug
1131052,regression
1135271,regression
1135640,nobug
1142814,nobug
1147497,regression
1147820,nobug
1153123,regression
1162562,nobug
1165763,regression
1167452,nobug
1167694,regression
1170968,bug_unknown_regression
1176019,nobug
1179051,nobug
1181896,nobug
1185489,regression
1191936,nobug
1197866,nobug
1198168,regression
1200341,nobug
1201115,regression
1203438,regression
1209518,regression
1210726,nobug
1210729,nobug
1213517,nobug
1216175,bug_unknown_regression
1217152,bug_unknown_regression
1221348,regression
1221539,nobug
1224175,regression
1224766,regression
1225003,regression
1226904,regression
1231886,regression
1234422,regression
1236112,regression
1237654,regression
1237782,nobug
1239708,nobug
1240547,nobug
1240692,nobug
1241535,nobug
1243108,regression
1246045,regression
1246236,nobug
1246615,nobug
1247628,nobug
1248897,nobug
1249000,bug_no_regression
1249225,nobug
1249934,regression
1250461,nobug
1251020,bug_unknown_regression
1253386,regression
1254812,regression
1255735,regression
1255823,regression
1257531,nobug
1257950,bug_no_regression
1265824,nobug
1266345,bug_unknown_regression
1271553,nobug
1272160,regression
1274461,regression
1278719,nobug
1279218,nobug
1281664,regression
1282982,nobug
1283299,nobug
1285960,regression
1286798,nobug
1287336,bug_unknown_regression
1288269,nobug
1288692,bug_unknown_regression
1289662,nobug
1294490,nobug
1294650,bug_unknown_regression
1297122,nobug
1297485,regression
1297630,nobug
1298240,nobug
1298362,regression
1298630,regression
1299436,nobug
1300029,regression
1300411,bug_unknown_regression
1302270,nobug
1304473,nobug
1305142,nobug
1306425,bug_no_regression
1307108,nobug
1308039,nobug
1308940,nobug
1310240,bug_unknown_regression
1311541,nobug
1311731,nobug
1312587,nobug
1312588,nobug
1313148,bug_unknown_regression
1314057,nobug
1316281,nobug
1317701,nobug
1318404,bug_unknown_regression
1319278,bug_unknown_regression
1319493,bug_unknown_regression
1320616,regression
1322018,regression
1322426,nobug
1322780,nobug
1323557,nobug
1328538,regression
1331557,nobug
1331674,nobug
1332040,regression
1333035,bug_unknown_regression
1333965,regression
1336437,nobug
1337043,regression
1339521,nobug
1340126,regression
1340487,nobug
1340656,bug_unknown_regression
1340962,regression
1341107,bug_unknown_regression
1341395,nobug
1341525,nobug
1344749,nobug
1345938,bug_unknown_regression
1346454,regression
1348519,nobug
1349332,nobug
1349917,nobug
1350472,nobug
1351194,bug_unknown_regression
1351308,regression
1351833,regression
1352586,regression
1352791,regression
1353013,nobug
1353787,nobug
1354245,regression
1355143,regression
1355202,nobug
1355588,nobug
1355656,nobug
1356532,nobug
1356712,bug_unknown_regression
1357160,nobug
1357242,nobug
1357526,regression
1358712,regression
1358898,regression
1359031,nobug
1361095,nobug
1362364,nobug
1362483,regression
1363169,nobug
1363176,regression
1363276,regression
1363315,bug_unknown_regression
1363767,nobug
1363777,nobug
1363849,nobug
1364037,regression
1364275,bug_unknown_regression
1365105,bug_unknown_regression
1366137,regression
1366808,regression
1367450,nobug
1368462,bug_unknown_regression
1368555,nobug
1368603,regression
1368713,nobug
1368948,nobug
1368958,regression
1368974,bug_unknown_regression
1369541,nobug
1369945,nobug
1370181,nobug
1370860,bug_unknown_regression
1371340,nobug
1373279,regression
1373548,bug_unknown_regression
1374077,bug_unknown_regression
1374571,bug_unknown_regression
1375244,nobug
1376535,nobug
1376831,bug_unknown_regression
1376948,nobug
1377208,nobug
1377430,regression
1377440,regression
1377499,bug_unknown_regression
1378006,regression
1378010,nobug
1379037,regression
1380199,regression
1380905,regression
1381569,nobug
1382035,regression
1382125,bug_unknown_regression
1382434,bug_unknown_regression
1382589,nobug
1383363,bug_unknown_regression
1384236,nobug
1384967,regression
1387143,nobug
1387169,nobug
1387178,nobug
1387446,nobug
1388326,regression
1388727,regression
1388762,bug_unknown_regression
1388848,nobug
1388973,regression
1389241,bug_unknown_regression
1389339,bug_unknown_regression
1389782,nobug
1389864,bug_unknown_regression
1390275,bug_unknown_regression
1390427,nobug
1390642,bug_unknown_regression
1390643,bug_unknown_regression
1391207,bug_unknown_regression
1391229,bug_unknown_regression
1391422,regression
1391554,nobug
1391555,nobug
1391669,nobug
1392025,nobug
1392204,bug_unknown_regression
1392568,nobug
1392623,nobug
1392797,bug_unknown_regression
1392883,nobug
1393349,nobug
1393426,bug_unknown_regression
1393570,nobug
1393960,nobug
1394096,nobug
1394188,bug_unknown_regression
1394396,nobug
1394559,nobug
1394609,nobug
1394911,nobug
1394996,nobug
1395497,regression
1395504,regression
1395813,nobug
1395814,nobug
1396587,bug_unknown_regression
1396732,regression
1396929,nobug
1397809,nobug
1397874,nobug
1398145,regression
1398654,regression
1398848,nobug
1399343,regression
1399789,regression
1399866,regression
1400816,bug_unknown_regression
1401164,bug_unknown_regression
1401343,nobug
1401649,nobug
1401665,bug_unknown_regression
1402293,nobug
1402407,regression
1403009,bug_unknown_regression
1403307,regression
1403324,regression
1403883,bug_unknown_regression
1404433,nobug
1404469,regression
1404653,regression
1404890,nobug
1405674,regression
1405734,nobug
1406181,nobug
1406230,bug_unknown_regression
1406252,bug_unknown_regression
1406547,regression
1406870,nobug
1406872,nobug
1407441,nobug
1407604,regression
1408339,nobug
1408857,bug_unknown_regression
1409054,nobug
1409374,bug_unknown_regression
1409815,nobug
1410106,regression
1410214,nobug
1410511,regression
1410601,nobug
1410602,nobug
1410716,bug_unknown_regression
1410734,nobug
1410921,regression
1411008,regression
1411193,nobug
1411366,regression
1411539,regression
1411693,bug_unknown_regression
1411707,nobug
1412263,nobug
1412542,regression
1412629,bug_unknown_regression
1412712,regression
1413137,nobug
1413298,bug_unknown_regression
1413546,nobug
1413600,nobug
1413868,bug_no_regression
1414593,regression
1414776,nobug
1415151,bug_unknown_regression
1415737,bug_unknown_regression
1416016,regression
1416649,regression
1416772,regression
1416965,bug_unknown_regression
1417050,nobug
1417071,nobug
1417339,bug_unknown_regression
1417892,nobug
1417981,nobug
1418067,nobug
1418351,nobug
1418425,nobug
1418596,regression
1418778,bug_unknown_regression
1418874,nobug
1418971,regression
1419091,nobug
1419176,regression
1419264,bug_no_regression
1419376,regression
1419704,nobug
1419857,nobug
1419884,nobug
1420163,nobug
1420514,nobug
1420990,nobug
1420996,nobug
1421240,bug_unknown_regression
1421433,nobug
1421562,nobug
1421734,nobug
1421805,regression
1422345,regression
1422437,nobug
1422503,bug_unknown_regression
1422605,bug_unknown_regression
1422606,nobug
1422847,regression
1423011,nobug
1423278,bug_unknown_regression
1423770,regression
1424955,bug_unknown_regression
1425440,nobug
1425524,nobug
1425619,nobug
1425770,nobug
1425809,regression
1426669,bug_unknown_regression
1426695,bug_no_regression
1426763,nobug
1426846,bug_unknown_regression
1427007,regression
1427586,regression
1427610,nobug
1427794,nobug
1427860,bug_unknown_regression
1427928,nobug
1428057,nobug
1428268,nobug
1428602,regression
1428670,regression
1428700,bug_unknown_regression
1428876,nobug
1428901,nobug
1429507,regression
1429560,bug_unknown_regression
1429583,nobug
1429790,regression
1429900,regression
1429914,nobug
1429983,nobug
1430023,nobug
1430196,bug_unknown_regression
1430397,regression
1430529,regression
1430690,regression
1430698,regression
1430869,regression
1431022,nobug
1431753,nobug
1431861,bug_no_regression
1432025,regression
1432358,regression
1432531,nobug
1432636,nobug
1432825,nobug
1432935,nobug
1433000,bug_unknown_regression
1433007,nobug
1433053,nobug
1433065,regression
1433073,regression
1433221,regression
1433718,nobug
1433892,bug_unknown_regression
1433940,nobug
1434197,regression
1434252,regression
1434391,regression
1434392,regression
1434425,nobug
1434553,regression
1434603,bug_unknown_regression
1434641,nobug
1434711,regression
1434860,nobug
1435125,bug_unknown_regression
1435290,bug_unknown_regression
1435589,regression
1435683,nobug
1435798,nobug
1435803,regression
1436117,regression
1436250,nobug
1436395,regression
1436504,nobug
1436569,nobug
1436626,bug_unknown_regression
1436655,nobug
1437281,regression
1437366,regression
1437417,nobug
1437559,bug_unknown_regression
1437638,nobug
1437918,nobug
1438143,regression
1438146,regression
1438162,bug_no_regression
1438174,regression
1438272,nobug
1438385,nobug
1438525,nobug
1438556,regression
1439236,regression
1439292,nobug
1439624,regression
1439763,nobug
1439880,bug_unknown_regression
1440338,regression
1440652,nobug
1440886,nobug
1441131,regression
1441392,bug_unknown_regression
1441843,bug_unknown_regression
1441935,nobug
1442178,regression
1442274,regression
1442302,nobug
1442361,nobug
1442466,regression
1442547,bug_no_regression
1442573,regression
1442829,nobug
1442913,regression
1443077,regression
1443137,regression
1443181,regression
1443355,nobug
1443436,regression
1443511,regression
1443637,regression
1443674,bug_unknown_regression
1443830,regression
1443863,nobug
1443948,nobug
1444055,regression
1444171,nobug
1444228,nobug
1444231,regression
1444232,nobug
1444302,nobug
1444489,nobug
1444745,nobug
1444765,nobug
1444891,nobug
1444892,nobug
1444973,nobug
1444975,nobug
1445096,nobug
1445451,nobug
1445459,nobug
1445464,nobug
1445887,regression
1445924,nobug
1446009,nobug
1446157,nobug
1446161,nobug
1446163,nobug
1446168,nobug
1446280,regression
1446370,regression
1446450,nobug
1446519,nobug
1446534,regression
1446819,bug_unknown_regression
1446831,nobug
1446940,nobug
1446961,nobug
1447116,nobug
1447628,regression
1447629,regression
1447680,nobug
1447707,nobug
1448034,nobug
1448040,nobug
1448081,nobug
1448089,regression
1448211,regression
1448215,nobug
1448410,regression
1448420,regression
1448454,nobug
1448518,nobug
1448682,regression
1448774,regression
1448920,bug_unknown_regression
1448971,nobug
1449033,regression
1449052,nobug
1449151,regression
1449162,nobug
1449166,regression
1449171,nobug
1449223,nobug
1449232,nobug
1449251,regression
1449301,regression
1449477,nobug
1449490,nobug
1449534,regression
1449600,nobug
1449787,nobug
1449897,bug_unknown_regression
1449966,nobug
1450016,nobug
1450017,nobug
1450059,nobug
1450077,nobug
1450078,nobug
1450206,bug_unknown_regression
1450248,regression
1450293,nobug
1450360,regression
1450361,nobug
1450386,nobug
1450559,nobug
1450626,regression
1450656,regression
1450814,regression
1450832,regression
1450997,nobug
1451013,nobug
1451203,regression
1451250,bug_unknown_regression
1451408,nobug
1451425,nobug
1451484,nobug
1451485,nobug
1451511,nobug
1451610,regression
1451619,regression
1451683,regression
1451694,nobug
1451703,regression
1451850,nobug
1451861,nobug
1451902,nobug
1451959,nobug
1452028,regression
1452085,bug_unknown_regression
1452087,bug_unknown_regression
1452214,regression
1452337,regression
1452364,regression
1452392,regression
1452418,nobug
1452436,regression
1452464,regression
1452513,regression
1452560,regression
1452563,bug_unknown_regression
1452624,nobug
1452699,nobug
1452951,regression
1453030,regression
1453127,regression
1453139,regression
1453215,nobug
1453260,regression
1453281,nobug
1453702,regression
1453706,regression
1453751,nobug
1453783,nobug
1453801,regression
1453863,regression
1453886,regression
1453892,regression
1453958,nobug
1454027,regression
1454042,regression
1454112,regression
1454149,regression
1454156,regression
1454186,regression
1454187,bug_unknown_regression
1454204,regression
1454285,regression
1454352,nobug
1454407,bug_unknown_regression
1454485,regression
1454531,regression
1454598,nobug
1454638,regression
1454653,regression
1454654,regression
1454659,regression
1454674,regression
1454724,nobug
1454745,nobug
1454978,nobug
1455110,regression
1455392,nobug
1455400,nobug
1455409,regression
1455433,nobug
1455443,nobug
1455491,regression
1455562,regression
1455569,regression
1455595,regression
1455662,bug_unknown_regression
1455664,nobug
1455703,regression
1455705,regression
1455707,nobug
1455735,regression
1455743,regression
1455796,regression
1455819,regression
1455931,regression
1455999,nobug
1456035,regression
1456071,regression
1456150,regression
1456192,nobug
1456222,bug_unknown_regression
1456270,nobug
1456279,regression
1456341,nobug
1456386,regression
1456411,regression
1456426,nobug
1456451,bug_unknown_regression
1456487,regression
1456494,regression
1456524,regression
1456534,regression
1456682,nobug
1456686,nobug
1456703,nobug
1456728,regression
1456740,nobug
1456742,regression
1456923,regression
1456939,nobug
1457039,regression
1457063,regression
1457067,nobug
1457087,regression
1457102,regression
1457122,nobug
1457148,regression
1457154,regression
1457216,nobug
1457218,nobug
1457224,nobug
1457254,regression
1457284,regression
1457321,nobug
1457322,regression
1457338,regression
1457499,regression
1457500,nobug
1457510,nobug
1457555,regression
1457629,regression
1457655,regression
1457671,bug_unknown_regression
1457673,regression
1457698,regression
1457719,nobug
1457720,regression
1457743,regression
1457749,nobug
1457763,regression
1457780,regression
1457858,bug_unknown_regression
1457885,nobug
1457920,nobug
1457974,regression
1457988,nobug
1458025,regression
1458117,nobug
1458193,regression
1458223,regression
1458333,nobug
1458339,nobug
1458375,nobug
1458379,regression
1458386,regression
1458462,regression
1458470,bug_unknown_regression
1458471,bug_no_regression
1458553,regression
1458584,nobug
1458609,regression
1458720,regression
1458910,nobug
1459064,bug_unknown_regression
1459245,nobug
1459327,regression
1459335,regression
1459352,regression
1459357,nobug
1459573,nobug
1459597,regression
1459602,regression
1459610,regression
1459655,regression
1459697,regression
1459775,regression
1459858,regression
1459861,nobug
1459908,nobug
1459918,nobug
1459937,regression
1460002,nobug
1460073,regression
1460092,nobug
1460108,regression
1460180,nobug
1460188,regression
1460206,nobug
1460223,regression
1460255,nobug
1460263,regression
1460304,nobug
1460334,nobug
1460336,nobug
1460382,nobug
1460385,regression
1460394,regression
1460407,regression
1460408,bug_unknown_regression
1460416,nobug
1460526,regression
1460577,nobug
1460595,nobug
1460636,regression
1460639,regression
1460674,nobug
1460870,regression
1460900,bug_unknown_regression
1460939,regression
1460940,nobug
1460966,nobug
1461045,nobug
1461110,regression
1461118,regression
1461131,regression
1461231,regression
1461247,nobug
1461248,nobug
1461304,regression
1461326,nobug
1461353,bug_unknown_regression
1461388,nobug
1461418,regression
1461459,nobug
1461539,regression
1461590,regression
1461591,regression
1461619,regression
1461743,nobug
1461812,regression
1461822,nobug
1461824,nobug
1461871,regression
1461881,regression
1461960,nobug
1462003,regression
1462029,regression
1462046,regression
1462077,regression
1462131,regression
1462279,bug_unknown_regression
1462344,regression
1462358,regression
1462372,nobug
1462468,nobug
1462547,regression
1462571,regression
1462653,regression
1462672,nobug
1462695,regression
1462717,regression
1462895,regression
1462903,regression
1462906,regression
1462912,regression
1462931,regression
1463015,nobug
1463016,nobug
1463019,regression
1463048,regression
1463079,nobug
1463397,regression
1463400,bug_unknown_regression
1463427,nobug
1463439,nobug
1463450,bug_unknown_regression
1463569,nobug
1463587,nobug
1463624,regression
1463708,bug_unknown_regression
1463724,nobug
1463753,regression
1463792,regression
1463809,regression
1463817,regression
1463820,nobug
1464084,regression
1464154,regression
1464265,regression
1464328,regression
1464371,bug_unknown_regression
1464391,regression
1464461,nobug
1464496,nobug
1464542,nobug
1464545,nobug
1464548,nobug
1464552,nobug
1464585,bug_unknown_regression
1464680,nobug
1464742,regression
1464821,bug_unknown_regression
1464862,nobug
1464938,regression
1465027,nobug
1465103,nobug
1465207,bug_unknown_regression
1465321,bug_unknown_regression
1465337,nobug
1465358,regression
1465391,bug_unknown_regression
1465462,nobug
1465490,bug_unknown_regression
1465497,bug_unknown_regression
1465528,regression
1465633,nobug
1465638,nobug
1465658,regression
1465686,regression
1465770,regression
1465777,bug_no_regression
1465872,nobug
1465992,regression
1466002,regression
1466028,nobug
1466038,nobug
1466101,regression
1466110,regression
1466124,regression
1466219,nobug
1466225,regression
1466240,regression
1466256,regression
1466299,regression
1466306,regression
1466311,regression
1466399,regression
1466510,regression
1466542,bug_no_regression
1466569,regression
1466606,regression
1466613,regression
1466806,bug_unknown_regression
1466814,regression
1466829,bug_unknown_regression
1466839,bug_unknown_regression
1466863,nobug
1466883,bug_unknown_regression
1466958,regression
1466967,regression
1466985,bug_unknown_regression
1467001,regression
1467039,regression
1467040,regression
1467044,bug_unknown_regression
1467102,regression
1467131,nobug
1467169,regression
1467173,regression
1467205,nobug
1467223,nobug
1467240,bug_unknown_regression
1467257,regression
1467328,regression
1467400,bug_unknown_regression
1467430,bug_unknown_regression
1467431,regression
1467452,regression
1467462,regression
1467478,bug_no_regression
1467485,regression
1467498,bug_unknown_regression
1467522,regression
1467572,nobug
1467586,nobug
1467605,regression
1467714,bug_unknown_regression
1467779,nobug
1467780,nobug
1467798,bug_unknown_regression
1467852,bug_unknown_regression
1467889,bug_unknown_regression
1467921,nobug
1467938,regression
1467964,regression
1468029,regression
1468032,regression
1468060,regression
1468071,regression
1468080,bug_unknown_regression
1468188,regression
1468311,bug_no_regression
1468312,bug_no_regression
1468313,bug_no_regression
1468314,bug_no_regression
1468316,bug_no_regression
1468317,bug_unknown_regression
1468318,bug_unknown_regression
1468320,bug_unknown_regression
1468323,bug_no_regression
1468327,bug_unknown_regression
1468341,bug_no_regression
1468343,regression
1468381,regression
1468401,regression
1468451,bug_unknown_regression
1468457,regression
1468464,bug_unknown_regression
1468465,regression
1468485,bug_no_regression
1468486,bug_no_regression
1468529,nobug
1468656,bug_unknown_regression
1468673,nobug
1468692,bug_unknown_regression
1468700,bug_unknown_regression
1468711,bug_unknown_regression
1468732,bug_unknown_regression
1468738,regression
1468830,bug_unknown_regression
1468961,regression
1468967,bug_unknown_regression
1468972,nobug
1468980,nobug
1469015,bug_unknown_regression
1469027,nobug
1469042,bug_unknown_regression
1469052,bug_unknown_regression
1469072,nobug
1469081,bug_unknown_regression
1469098,regression
1469152,regression
1469184,regression
1469208,bug_unknown_regression
1469257,regression
1469309,regression
1469314,bug_unknown_regression
1469505,regression
1469525,nobug
1469534,regression
1469558,regression
1469559,regression
1469592,nobug
1469600,nobug
1469651,nobug
1469657,regression
1469698,nobug
1469711,nobug
1469714,nobug
1469719,nobug
1469799,regression
1469801,nobug
1469879,bug_unknown_regression
1469902,nobug
1469914,bug_unknown_regression
1469923,regression
1469929,regression
1469959,regression
1469980,nobug
1470015,nobug
1470023,nobug
1470108,nobug
1470115,regression
1470123,regression
1470151,nobug
1470154,regression
1470201,nobug
1470280,nobug
1470295,regression
1470299,regression
1470311,regression
1470324,nobug
1470333,nobug
1470339,nobug
1470341,regression
1470355,bug_unknown_regression
1470365,nobug
1470377,bug_no_regression
1470382,regression
1470397,regression
1470406,regression
1470409,bug_unknown_regression
1470410,bug_unknown_regression
1470419,bug_unknown_regression
1470493,nobug
1470591,nobug
1470620,regression
1470642,regression
1470684,regression
1470716,nobug
1470739,regression
1470783,nobug
1470793,nobug
1470807,nobug
1470811,nobug
1470830,nobug
1470841,bug_unknown_regression
1470842,nobug
1470873,nobug
1470907,regression
1470922,nobug
1470935,regression
1470947,regression
1470964,nobug
1470965,regression
1471015,nobug
1471025,nobug
1471062,nobug
1471066,nobug
1471095,bug_unknown_regression
1471102,nobug
1471160,bug_no_regression
1471230,bug_no_regression
1471233,bug_unknown_regression
1471306,regression
1471327,nobug
1471385,bug_unknown_regression
1471437,regression
1471459,bug_unknown_regression
1471535,nobug
1471542,nobug
1471552,bug_unknown_regression
1471571,nobug
1471572,nobug
1471573,nobug
1471577,nobug
1471620,nobug
1471700,bug_unknown_regression
1471769,regression
1471805,bug_unknown_regression
1471853,nobug
1471868,bug_unknown_regression
1471882,regression
1471890,regression
1471895,regression
1471914,regression
1471932,regression
1471935,bug_unknown_regression
1471943,bug_unknown_regression
1471959,bug_unknown_regression
1472110,regression
1472175,bug_no_regression
1472216,bug_unknown_regression
1472321,regression
1472364,regression
1472410,regression
1472435,regression
1472472,nobug
1472474,regression
1472491,nobug
1472526,regression
1472602,regression
1472613,regression
1472641,bug_unknown_regression
1472684,bug_unknown_regression
1472686,bug_no_regression
1472688,nobug
1472830,nobug
1472835,regression
1472859,bug_unknown_regression
1472889,regression
1472925,regression
1472933,bug_unknown_regression
1473041,bug_unknown_regression
1473055,bug_unknown_regression
1473060,bug_unknown_regression
1473067,nobug
1473108,bug_unknown_regression
1473142,nobug
1473146,nobug
1473156,nobug
1473195,nobug
1473200,nobug
1473201,bug_unknown_regression
1473229,nobug
1473289,regression
1473495,bug_unknown_regression
1473582,nobug
1473626,nobug
1473718,bug_unknown_regression
1473808,regression
1473828,bug_unknown_regression
1473904,regression
1473928,nobug
1473978,nobug
1473996,nobug
1473997,nobug
1474084,nobug
1474124,nobug
1474130,nobug
1474131,nobug
1474139,nobug
1474140,nobug
1474142,regression
1474143,nobug
1474155,nobug
1474159,regression
1474163,regression
1474238,nobug
1474284,regression
1474294,bug_unknown_regression
1474340,nobug
1474342,nobug
1474368,regression
1474544,nobug
1474557,regression
1474561,bug_unknown_regression
1474626,bug_unknown_regression
1474670,regression
1474681,nobug
1474793,nobug
1474821,regression
1474879,bug_unknown_regression
1474883,regression
1474912,regression
1474972,bug_unknown_regression
1474981,regression
1474986,regression
1475066,bug_unknown_regression
1475091,nobug
1475097,nobug
1475099,nobug
1475100,regression
1475210,regression
1475242,nobug
1475261,bug_no_regression
1475304,nobug
1475386,nobug
1475431,regression
1475501,regression
1475556,nobug
1475557,bug_no_regression
1475681,regression
1475722,bug_unknown_regression
1475769,regression
1475775,regression
1475899,nobug
1475971,regression
1475973,bug_unknown_regression
1475974,regression
1475999,regression
1476036,regression
1476128,bug_unknown_regression
1476142,nobug
1476149,regression
1476231,nobug
1476254,regression
1476317,regression
1476327,regression
1476329,regression
1476383,regression
1476403,nobug
1476405,nobug
1476416,nobug
1476432,nobug
1476442,nobug
1476479,regression
1476515,nobug
1476524,regression
1476526,nobug
1476550,nobug
1476554,regression
1476567,bug_unknown_regression
1476585,bug_unknown_regression
1476605,regression
1476635,regression
1476689,nobug
1476862,nobug
1476902,bug_no_regression
1476905,bug_unknown_regression
1476929,regression
1476967,nobug
1476981,nobug
1477039,regression
1477079,regression
1477213,nobug
1477224,nobug
1477235,nobug
1477248,nobug
1477249,regression
1477277,regression
1477294,regression
1477297,regression
1477393,nobug
1477427,regression
1477430,regression
1477432,nobug
1477488,regression
1477576,nobug
1477579,nobug
1477591,regression
1477616,nobug
1477622,nobug
1477626,nobug
1477627,nobug
1477628,nobug
1477632,nobug
1477653,regression
1477667,nobug
1477669,nobug
1477670,nobug
1477671,nobug
1477672,nobug
1477674,nobug
1477676,nobug
1477679,regression
1477684,regression
1477693,regression
1477697,regression
1477754,regression
1477767,bug_unknown_regression
1477817,regression
1477819,bug_unknown_regression
1477847,regression
1477895,bug_unknown_regression
1478048,bug_unknown_regression
1478102,regression
1478124,nobug
1478212,bug_no_regression
1478219,nobug
1478305,nobug
1478308,nobug
1478372,nobug
1478431,bug_unknown_regression
1478449,bug_unknown_regression
1478502,nobug
1478509,regression
1478549,regression
1478560,regression
1478576,bug_unknown_regression
1478606,nobug
1478614,regression
1478618,nobug
1478621,nobug
1478625,bug_unknown_regression
1478635,nobug
1478650,nobug
1478692,bug_unknown_regression
1478735,regression
1478800,bug_unknown_regression
1478943,regression
1479051,bug_no_regression
1479053,nobug
1479071,regression
1479169,bug_unknown_regression
1479218,bug_unknown_regression
1479221,regression
1479236,nobug
1479241,nobug
1479245,nobug
1479251,regression
1479273,bug_unknown_regression
1479302,regression
1479309,nobug
1479310,nobug
1479312,nobug
1479313,nobug
1479318,nobug
1479468,bug_no_regression
1479484,nobug
1479492,nobug
1479498,regression
1479501,nobug
1479521,regression
1479536,bug_unknown_regression
1479569,nobug
1479570,nobug
1479627,regression
1479631,regression
1479719,nobug
1479749,bug_unknown_regression
1479764,nobug
1479773,bug_unknown_regression
1479854,nobug
1479908,nobug
1479945,nobug
1479964,regression
1480027,regression
1480118,bug_unknown_regression
1480120,nobug
1480121,nobug
1480144,nobug
1480167,nobug
1480179,regression
1480244,nobug
1480262,nobug
1480310,nobug
1480319,nobug
1480327,nobug
1480330,bug_unknown_regression
1480373,bug_unknown_regression
1480443,nobug
1480459,bug_unknown_regression
1480576,nobug
1480607,nobug
1480610,nobug
1480628,nobug
1480637,nobug
1480641,nobug
1480643,nobug
1480645,nobug
1480674,bug_unknown_regression
1480686,bug_unknown_regression
1480697,regression
1480745,bug_unknown_regression
1480793,regression
1480804,regression
1480956,regression
1480972,regression
1480995,regression
1481139,regression
1481142,nobug
1481157,regression
1481270,nobug
1481296,nobug
1481337,nobug
1481385,regression
1481483,bug_unknown_regression
1481634,regression
1481700,regression
1481812,bug_no_regression
1481882,nobug
1481967,bug_unknown_regression
1481975,nobug
1482080,bug_no_regression
1482089,bug_no_regression
1482091,bug_no_regression
1482177,regression
1482184,regression
1482299,nobug
1482331,nobug
1482357,bug_unknown_regression
1482358,bug_no_regression
1482361,bug_unknown_regression
1482380,bug_unknown_regression
1482385,bug_unknown_regression
1482392,nobug
1482534,bug_unknown_regression
1482648,nobug
1482881,regression
1482920,bug_unknown_regression
1483088,nobug
1483172,regression
1483182,regression
1483214,regression
1483363,nobug
1483440,bug_unknown_regression
1483489,bug_unknown_regression
1483541,nobug
1483557,nobug
1483632,regression
1483650,nobug
1483664,nobug
1483738,nobug
1483935,regression
1484053,regression
1484059,bug_unknown_regression
1484073,bug_unknown_regression
1484109,nobug
1484118,nobug
1484128,nobug
1484131,regression
1484135,nobug
1484137,nobug
1484373,nobug
1484394,nobug
1484413,nobug
1484415,nobug
1484466,nobug
1484496,nobug
1484531,bug_unknown_regression
1484563,nobug
1484593,regression
1484611,nobug
1484633,regression
1484737,bug_unknown_regression
1484782,bug_unknown_regression
1484789,regression
1484848,nobug
1484867,nobug
1484944,nobug
1484946,bug_unknown_regression
1484975,nobug
1484977,bug_unknown_regression
1484989,regression
1485069,nobug
1485078,bug_unknown_regression
1485093,nobug
1485247,nobug
1485466,regression
1485493,nobug
1485494,nobug
1485626,bug_no_regression
1485643,regression
1485657,regression
1485700,regression
1485844,regression
1485870,nobug
1485871,nobug
1485893,bug_unknown_regression
1485897,bug_unknown_regression
1485964,bug_no_regression
1485985,regression
1485987,bug_no_regression
1485999,regression
1486034,nobug
1486079,nobug
1486101,regression
1486168,regression
1486204,bug_unknown_regression
1486278,regression
1486310,bug_unknown_regression
1486317,regression
1486370,nobug
1486396,bug_unknown_regression
1486401,regression
1486420,bug_unknown_regression
1486424,bug_unknown_regression
1486488,regression
1486494,bug_unknown_regression
1486611,regression
1486666,bug_no_regression
1486695,bug_unknown_regression
1486707,regression
1486759,regression
1486784,bug_no_regression
1486824,nobug
1486845,nobug
1486879,bug_no_regression
1486971,bug_unknown_regression
1486984,regression
1487082,regression
1487085,bug_unknown_regression
1487137,nobug
1487143,bug_no_regression
1487151,nobug
1487212,nobug
1487228,nobug
1487274,bug_unknown_regression
1487283,regression
1487313,nobug
1487332,nobug
1487358,regression
1487371,bug_no_regression
1487602,bug_unknown_regression
1487652,bug_no_regression
1487658,regression
1487676,regression
1487769,bug_no_regression
1487857,nobug
1487864,regression
1487954,regression
1488055,regression
1488093,regression
1488094,bug_unknown_regression
1488105,bug_unknown_regression
1488111,nobug
1488112,nobug
1488114,bug_unknown_regression
1488115,nobug
1488116,nobug
1488141,regression
1488155,regression
1488213,regression
1488219,bug_unknown_regression
1488235,nobug
1488236,nobug
1488238,nobug
1488240,regression
1488279,nobug
1488306,nobug
1488349,nobug
1488382,nobug
1488401,nobug
1488412,regression
1488462,regression
1488620,nobug
1488659,nobug
1488679,regression
1488681,regression
1488684,nobug
1488691,bug_unknown_regression
1488703,bug_unknown_regression
1488708,bug_unknown_regression
1488718,nobug
1488758,nobug
1488769,bug_unknown_regression
1488772,nobug
1488784,nobug
1488788,nobug
1488791,regression
1488813,nobug
1488923,nobug
1488927,regression
1488933,nobug
1489018,nobug
1489024,nobug
1489046,nobug
1489085,bug_unknown_regression
1489095,nobug
1489097,nobug
1489102,nobug
1489111,nobug
1489121,bug_unknown_regression
1489147,nobug
1489184,regression
1489210,regression
1489214,regression
1489250,regression
1489257,regression
1489300,regression
1489315,regression
1489327,regression
1489362,nobug
1489365,nobug
1489375,bug_unknown_regression
1489436,regression
1489499,regression
1489503,nobug
1489520,bug_unknown_regression
1489546,nobug
1489571,nobug
1489572,bug_unknown_regression
1489581,regression
1489618,nobug
1489619,bug_unknown_regression
1489639,bug_unknown_regression
1489690,nobug
1489754,regression
1489757,regression
1489761,bug_unknown_regression
1489786,nobug
1489787,nobug
1489790,nobug
1489793,nobug
1489812,nobug
1489814,nobug
1489853,regression
1489860,nobug
1489876,regression
1489904,bug_unknown_regression
1489915,nobug
1489916,nobug
1489917,nobug
1489918,bug_unknown_regression
1489953,bug_unknown_regression
1490015,regression
1490027,regression
1490092,regression
1490145,nobug
1490154,regression
1490251,nobug
1490264,regression
1490371,nobug
1490393,regression
1490406,bug_no_regression
1490508,bug_unknown_regression
1490518,regression
1490729,bug_unknown_regression
1490789,regression
1490820,bug_unknown_regression
1490826,bug_unknown_regression
1490835,nobug
1490848,regression
1490856,regression
1490873,bug_unknown_regression
1490890,nobug
1490927,regression
1490966,bug_no_regression
1490967,regression
1491005,nobug
1491019,nobug
1491043,bug_unknown_regression
1491152,regression
1491159,bug_unknown_regression
1491256,bug_unknown_regression
1491274,nobug
1491283,bug_unknown_regression
1491297,regression
1491320,bug_unknown_regression
1491326,regression
1491544,bug_unknown_regression
1491555,regression
1491558,nobug
1491560,nobug
1491561,nobug
1491569,nobug
1491572,regression
1491574,nobug
1491576,nobug
1491588,nobug
1491594,nobug
1491595,nobug
1491605,nobug
1491673,bug_unknown_regression
1491724,bug_unknown_regression
1491788,nobug
1491798,regression
1491808,regression
1491937,regression
1491940,regression
1491997,bug_unknown_regression
1491999,regression
1492005,nobug
1492010,bug_unknown_regression
1492034,regression
1492092,bug_unknown_regression
1492368,regression
1492369,bug_unknown_regression
1492376,bug_unknown_regression
1492431,regression
1492471,regression
1492484,regression
1492492,regression
1492550,regression
1492563,nobug
1492584,nobug
1492598,bug_unknown_regression
1492764,bug_unknown_regression
1492766,nobug
1492772,bug_unknown_regression
1492818,bug_unknown_regression
1492859,bug_unknown_regression
1492897,regression
1492909,bug_unknown_regression
1492915,bug_unknown_regression
1493041,regression
1493148,regression
1493185,bug_unknown_regression
1493198,nobug
1493219,regression
1493250,regression
1493267,regression
1493271,bug_no_regression
1493281,nobug
1493282,nobug
1493352,bug_unknown_regression
1493385,regression
1493395,regression
1493397,nobug
1493398,regression
1493428,regression
1493439,nobug
1493444,nobug
1493445,nobug
1493446,nobug
1493490,nobug
1493546,regression
1493554,regression
1493564,regression
1493590,bug_unknown_regression
1493606,nobug
1493609,nobug
1493620,nobug
1493636,bug_unknown_regression
1493645,regression
1493661,regression
1493680,regression
1493682,regression
1493724,bug_unknown_regression
1493735,regression
1493742,regression
1493812,nobug
1493835,bug_unknown_regression
1493935,regression
1493949,regression
1493955,regression
1493973,regression
1493997,regression
1494051,nobug
1494124,regression
1494254,bug_unknown_regression
1494301,nobug
1494312,nobug
1494353,bug_unknown_regression
1494356,regression
1494364,bug_unknown_regression
1494385,bug_unknown_regression
1494443,regression
1494471,regression
1494486,nobug
1494493,nobug
1494575,bug_unknown_regression
1494587,bug_unknown_regression
1494635,regression
1494671,regression
1494729,bug_unknown_regression
1494744,bug_unknown_regression
1494746,bug_unknown_regression
1494793,bug_unknown_regression
1494801,bug_unknown_regression
1494820,nobug
1494827,nobug
1494830,nobug
1494900,bug_unknown_regression
1494934,regression
1494957,regression
1494972,regression
1494976,regression
1494998,nobug
1495023,regression
1495055,bug_unknown_regression
1495067,bug_unknown_regression
1495212,regression
1495285,bug_unknown_regression
1495295,bug_unknown_regression
1495363,regression
1495369,bug_unknown_regression
1495446,regression
1495452,regression
1495454,regression
1495456,regression
1495458,nobug
1495568,regression
1495596,bug_unknown_regression
1495612,nobug
1495723,regression
1495833,regression
1495900,bug_unknown_regression
1495985,bug_unknown_regression
1495995,bug_unknown_regression
1496022,bug_unknown_regression
1496044,regression
1496179,regression
1496184,bug_unknown_regression
1496246,nobug
1496322,bug_unknown_regression
1496349,regression
1496359,nobug
1496380,bug_unknown_regression
1496436,bug_no_regression
1496492,bug_unknown_regression
1496587,regression
1496649,nobug
1496671,nobug
1496723,bug_unknown_regression
1496731,bug_unknown_regression
1496747,regression
1496852,nobug
1496861,regression
1497030,bug_unknown_regression
1497220,bug_unknown_regression
1497326,regression
1497509,bug_unknown_regression
1497518,regression
1497521,regression
1497551,regression
1497554,regression
1497561,bug_no_regression
1497707,nobug
1497728,nobug
1497739,regression
1497835,bug_unknown_regression
1497862,nobug
1497886,bug_no_regression
1497897,bug_unknown_regression
1497950,regression
1497996,nobug
1498112,bug_unknown_regression
1498219,bug_unknown_regression
1498230,bug_no_regression
1498232,regression
1498236,regression
1498414,nobug
1498416,nobug
1498486,bug_unknown_regression
1498492,bug_unknown_regression
1498555,bug_unknown_regression
1498556,bug_unknown_regression
1498561,bug_unknown_regression
1498565,regression
1498577,regression
1498579,regression
1498827,regression
1498896,regression
1498932,regression
1498934,regression
1498940,regression
1498953,regression
1499000,regression
1499062,regression
1499145,nobug
1499147,nobug
1499248,bug_unknown_regression
1499300,regression
1499307,regression
1499315,regression
1499330,bug_unknown_regression
1499343,bug_unknown_regression
1499347,bug_unknown_regression
1499363,regression
1499373,regression
1499381,bug_unknown_regression
1499389,regression
1499485,regression
1499513,nobug
1499538,nobug
1499540,bug_unknown_regression
1499595,nobug
1499628,bug_unknown_regression
1499685,regression
1499789,regression
1499799,nobug
1499803,nobug
1499822,nobug
1499852,regression
1500114,bug_unknown_regression
1500133,regression
1500185,regression
1500228,nobug
1500274,regression
1500289,nobug
1500326,regression
1500423,regression
1500802,nobug
1500820,bug_unknown_regression
1500850,regression
1500905,bug_unknown_regression
1500924,regression
1501062,regression
1501065,nobug
1501111,regression
1501438,nobug
1501592,nobug
1501908,regression
1502096,regression
1502179,regression
1502233,regression
1502284,nobug
1502519,regression
1502747,nobug
1502792,nobug
1502950,regression
1502977,regression
1503232,bug_unknown_regression
1503293,regression
1503323,regression
1503339,nobug
1503481,nobug
1503696,regression
1503757,regression
1503817,regression
1503983,nobug
1503992,bug_unknown_regression
1504188,regression
1504309,nobug
1504334,nobug
1504756,nobug
1505119,nobug
1505454,nobug
1505522,nobug
1505690,nobug
1505898,nobug
1506050,regression
1506100,regression
1506213,nobug
1506608,nobug
1506619,nobug
1506763,nobug
1507272,nobug
1507434,nobug
1507448,nobug
1507631,nobug
1508002,nobug
1508296,nobug
1508873,nobug
1509047,nobug
1509158,nobug
1509453,nobug
1509754,nobug
1509906,nobug
1509961,nobug
1510416,nobug
1510687,nobug
1511021,nobug
1511077,nobug
1511224,nobug
1511341,nobug
1511576,nobug
1512153,nobug
1512171,nobug
1512456,nobug
1512487,nobug
1512674,nobug
1512723,nobug
1512730,nobug
1512989,regression
1512990,nobug
1513528,nobug
1513577,nobug
1514099,nobug
1514115,nobug
1514404,nobug
1514413,bug_unknown_regression
1514581,regression
1514723,bug_unknown_regression
1514724,nobug
1514791,regression
1514806,nobug
1514829,nobug
1514869,nobug
1514965,nobug
1514987,nobug
1515003,nobug
1515082,nobug
1515170,bug_no_regression
1515223,nobug
1515241,nobug
1515893,bug_unknown_regression
1515980,bug_no_regression
1516091,nobug
1516094,nobug
1516106,nobug
1516169,regression
1516749,regression
1516754,bug_unknown_regression
1516941,bug_unknown_regression
1517101,regression
1517140,regression
1517197,regression
1517207,regression
1518203,nobug
1518677,nobug
1518857,nobug
1518895,nobug
1519307,nobug
1519310,nobug
1520012,nobug
1521370,bug_no_regression
1521839,nobug
1522925,nobug
1525337,nobug
1526112,regression
1526255,nobug
1526276,bug_unknown_regression
1527711,nobug
1527936,nobug
1528551,bug_unknown_regression
1528562,bug_unknown_regression
1528830,nobug
1528879,nobug
1528942,bug_unknown_regression
1528998,bug_unknown_regression
1529020,bug_unknown_regression
1529025,bug_unknown_regression
1529071,nobug
1529108,bug_unknown_regression
1529110,bug_unknown_regression
1529170,bug_unknown_regression
1529184,bug_unknown_regression
1529352,nobug
1529364,nobug
1529464,nobug
1529486,bug_unknown_regression
1529558,nobug
1530182,nobug
1530183,nobug
1530193,nobug
1530220,bug_unknown_regression
1530227,bug_unknown_regression
1530232,bug_unknown_regression
1530276,nobug
1530277,nobug
1530298,nobug
1530306,bug_unknown_regression
1530327,nobug
1530554,regression
1530625,nobug
1530861,regression
1530995,bug_unknown_regression
1531142,bug_unknown_regression
1531156,bug_unknown_regression
1531354,nobug
1535010,nobug
1536573,nobug
1536766,regression
1538279,nobug
1538686,nobug
1541290,bug_unknown_regression
1542242,regression
1545983,regression
1546093,regression
1546123,bug_unknown_regression
1546128,bug_unknown_regression
1546133,bug_unknown_regression
1546140,regression
1546153,bug_unknown_regression
1546166,nobug
1546208,bug_unknown_regression
1546213,bug_unknown_regression
1546237,bug_unknown_regression
1546255,bug_unknown_regression
1546268,bug_unknown_regression
1546277,bug_unknown_regression
1546286,bug_unknown_regression
1546306,bug_unknown_regression
1546333,bug_unknown_regression
1546337,bug_unknown_regression
1546545,bug_unknown_regression
1546546,bug_unknown_regression
1546835,bug_unknown_regression
1546884,bug_unknown_regression
1547336,bug_unknown_regression
1548432,bug_no_regression
1548499,regression
